date,question,model,temperature,latence_s,tokens,reponse
2026-09-16T17:21:17.815524,Donne-moi 3 idées de projets IA pour une PME ivoirienne.,groq/compound-mini,0,4.06,2040,"Voici trois idées de projets d’intelligence artificielle qui peuvent être mis en place rapidement par une PME ivoirienne ; chaque proposition inclut une courte description, les bénéfices attendus et les technologies de base à envisager.

| # | Idée de projet | Description & cas d’usage | Bénéfices pour la PME | Stack IA recommandée (open‑source) |
|---|----------------|---------------------------|-----------------------|------------------------------------|
| 1 | **Assistant virtuel multilingue pour le service client** | Un chatbot capable de répondre en français, en anglais et en langues locales (dioula, baoulé, etc.) sur le site web, WhatsApp ou Facebook Messenger. Il gère les questions fréquentes (horaires, suivi de commande, FAQ) et escalade les demandes complexes à un agent humain. | • Réduction du temps de réponse (24 h/7 j). <br>• Diminution du volume d’appels téléphoniques. <br>• Amélioration de la satisfaction client et de la réputation en ligne. | • **Rasa** (framework de dialogue open‑source) <br>• Modèles de langage **BLOOM** ou **Mistral** fine‑tuned pour le français/african languages <br>• Hébergement sur un serveur local ou sur un cloud économique (ex. OVH, Hetzner). |
| 2 | **Analyse prédictive des ventes et optimisation des stocks** | Un modèle qui, à partir des historiques de ventes, des données météo, des événements locaux (fêtes, festivals) et des promotions, prédit la demande des prochains 4‑8 semaines. Le système suggère les quantités à commander et les niveaux de stock à maintenir. | • Réduction des ruptures de stock et du sur‑stock (économies de 10‑20 %). <br>• Meilleure planification des achats et des flux de trésorerie. <br>• Possibilité d’ajuster les campagnes marketing en fonction des prévisions. | • **Python** + **pandas** pour le pré‑traitement <br>• Modèles **Prophet** ou **XGBoost** pour la prévision temporelle <br>• Tableau de bord **Streamlit** ou **Power BI** pour visualiser les prévisions. |
| 3 | **Détection d’anomalies dans la production agro‑alimentaire** | Une IA qui analyse les images (caméras de contrôle) ou les capteurs (température, humidité) sur la chaîne de transformation (ex. cacao, café, fruits) afin d’identifier automatiquement les lots non conformes (mauvaise couleur, présence de corps étrangers, température hors norme). | • Amélioration de la qualité du produit final. <br>• Réduction du gaspillage (détection précoce). <br>• Conformité aux standards d’exportation et certification. | • **OpenCV** + **TensorFlow/Keras** pour la classification d’images <br>• Modèle **YOLOv8** (détection d’objets) fine‑tuned sur vos propres images <br>• Intégration avec un système SCADA ou un tableau de bord **Grafana**. |

### Points clés pour réussir le déploiement

1. **Collecte de données** – Commencez par centraliser les données existantes (ventes, CRM, capteurs) dans un entrepôt simple (ex. PostgreSQL ou Google Sheets) afin d’alimenter les modèles.
2. **Prototype rapide** – Utilisez des notebooks Jupyter pour créer un MVP en 2‑4 semaines, puis validez avec un groupe d’utilisateurs internes.
3. **Formation du personnel** – Organisez des ateliers courts (1‑2 jours) pour que les équipes comprennent comment interagir avec le système et interpréter les résultats.
4. **Infrastructure légère** – La plupart des modèles peuvent tourner sur un serveur de 8 vCPU + 16 Go RAM ou même sur un edge device (NVIDIA Jetson) pour le projet d’imagerie.
5. **Suivi & amélioration continue** – Mettez en place des métriques (taux de résolution du chatbot, erreur de prévision, taux de détection d’anomalies) et ré‑entraînez les modèles tous les 1‑2 mois avec les nouvelles données.

Ces trois projets sont réalisables avec des compétences techniques modestes, utilisent majoritairement des outils open‑source (pas de licences coûteuses) et apportent un retour sur investissement visible en quelques mois. Bon courage dans votre démarche d’innovation !"
2026-09-16T17:21:22.646674,Donne-moi 3 idées de projets IA pour une PME ivoirienne.,groq/compound-mini,0.5,4.83,2336,"Voici trois idées de projets d’intelligence artificielle (IA) que une PME ivoirienne pourrait lancer rapidement, en s’appuyant sur des données locales et des besoins concrets du marché :

---

### 1. **Assistant virtuel multilingue pour le service client (Français / Dioula / Baoulé)**
- **Objectif** : Automatiser les réponses aux questions fréquentes (horaires, disponibilité des produits, suivi de commande, etc.) tout en offrant un support dans les langues les plus parlées en Côte‑d’Ivoire.
- **Fonctionnalités clés**  
  - Chatbot intégré au site web, à la page Facebook et à WhatsApp Business.  
  - Reconnaissance de texte et synthèse vocale pour les clients qui préfèrent parler.  
  - Apprentissage continu à partir des tickets résolus (feedback client).  
- **Valeur ajoutée** :  
  - Réduction du temps de réponse (de plusieurs heures à quelques secondes).  
  - Diminution du coût de personnel dédié au support.  
  - Amélioration de la satisfaction client grâce à une disponibilité 24 h/24.  
- **Technologies simples à mettre en œuvre** : Dialogflow (Google) ou Rasa (open‑source) couplées à un modèle de traduction/ML pour le multilinguisme (ex. MarianMT ou modèles locaux de traduction).  

---

### 2. **Plateforme de prévision de la demande et d’optimisation des stocks pour les produits agro‑alimentaires**
- **Objectif** : Anticiper les ventes de produits (cacao, café, fruits, produits transformés) afin d’ajuster les achats de matières premières et la gestion des stocks.
- **Fonctionnalités clés**  
  - Analyse des historiques de ventes, des saisons, des prix du marché et des données climatiques (précipitations, températures).  
  - Modèles de séries temporelles (Prophet, ARIMA, LSTM) pour générer des prévisions à 1 mois, 3 mois et 6 mois.  
  - Tableau de bord interactif (Power BI ou Metabase) avec alertes lorsqu’un stock passe sous un seuil critique.  
- **Valeur ajoutée** :  
  - Réduction du gaspillage et des ruptures de stock.  
  - Meilleure négociation avec les fournisseurs grâce à des prévisions fiables.  
  - Optimisation du cash‑flow (moins d’immobilisation de capital en stock).
- **Données nécessaires** : historiques de ventes (Excel/ERP), données météorologiques publiques (Météo Côte‑d’Ivoire), prix du marché (sites d’enchères, coopératives).  

---

### 3. **Système de détection de défauts sur les lignes de conditionnement (vision par ordinateur)**
- **Objectif** : Automatiser le contrôle qualité des produits emballés (ex. sachets de cacao, boîtes de conserve) afin de repérer les défauts d’étiquetage, de remplissage ou de casse.
- **Fonctionnalités clés**  
  - Caméras industrielles placées à la sortie de la ligne de production.  
  - Modèle de classification d’images (MobileNetV2, EfficientNet) entraîné sur des photos de produits « bons » vs « défectueux ».  
  - Signalement en temps réel (alarme sonore, tableau de bord) et tri automatisé (déviation du produit vers la zone de re‑travail).  
- **Valeur ajoutée** :  
  - Diminution du taux de défauts (objectif : < 1 %).  
  - Réduction du coût de main‑d’œuvre pour le contrôle visuel.  
  - Amélioration de la réputation du produit à l’export (conformité aux standards internationaux).  
- **Mise en place rapide** : Utiliser des plateformes « no‑code » comme Microsoft Custom Vision ou Google AutoML Vision, qui permettent d’entraîner le modèle avec quelques centaines d’images et de le déployer sur un petit PC industriel (NVIDIA Jetson Nano, par exemple).  

---

## Pourquoi ces projets sont pertinents pour une PME ivoirienne ?

| Critère | Projet 1 | Projet 2 | Projet 3 |
|---|---|---|---|
| **Coût d’initialisation** | Faible (cloud + API) | Modéré (collecte de données + serveur) | Modéré (caméras + edge device) |
| **Temps de mise en œuvre** | 1–2 mois | 2–4 mois | 2–3 mois |
| **Compétences requises** | Développeur chatbot / linguistique | Data analyst + data scientist junior | Ingénieur vision + technicien de maintenance |
| **Impact business** | +30 % de satisfaction client | -15 % de perte de ventes liées aux ruptures | -20 % de rebuts et retours clients |
| **Scalabilité** | Facile (ajout de nouveaux canaux) | Évolutif (intégration de nouveaux produits) | Extensible à d’autres lignes ou usines |

---

### Prochaine étape concrète
1. **Choisir le projet** qui répond le mieux à un besoin urgent de l’entreprise.  
2. **Définir un MVP** (Produit Minimum Viable) : par exemple, un chatbot qui répond aux 10 questions les plus fréquentes, ou une prévision de la demande sur les 3 prochains mois.  
3. **Identifier les ressources** internes (personnel IT, data) ou externes (freelance, cabinet de conseil local).  
4. **Planifier un budget** (licences cloud, matériel, formation) et un calendrier avec des jalons de validation.  

Ces trois idées offrent un bon équilibre entre faisabilité technique, retour sur investissement rapide et pertinence pour le contexte économique ivoirien. Bon courage dans votre démarche d’innovation !"
2026-09-16T17:21:25.896045,Donne-moi 3 idées de projets IA pour une PME ivoirienne.,groq/compound-mini,1.0,3.24,1750,"Voici trois idées de projets d’intelligence artificielle que une PME ivoirienne peut mettre en œuvre rapidement et à coût maîtrisé :

| # | Idée de projet | Description concrète | Bénéfices attendus |
|---|----------------|----------------------|--------------------|
| 1️⃣ | **Chatbot multilingue pour le service client** | • Développer un assistant virtuel capable de répondre en français, en anglais et en langues locales (dioula, baoulé, etc.) via le site web, WhatsApp ou Facebook Messenger.<br>• Utiliser un modèle de traitement du langage naturel (ex. GPT‑lite, BERT‑fr) fine‑tuned sur les FAQ de l’entreprise et les spécificités du marché ivoirien.<br>• Intégrer une fonction de transfert vers un agent humain en cas de besoin. | • Réduction du temps de réponse (24/7).<br>• Diminution du volume d’appels téléphoniques et des coûts de support.<br>• Amélioration de la satisfaction client grâce à la prise en charge dans la langue maternelle. |
| 2️⃣ | **Prédiction de la demande et optimisation des stocks** | • Collecter les historiques de ventes, les données saisonnières (fêtes locales, vacances scolaires) et les indicateurs macro‑économiques (prix du cacao, taux de change).<br>• Entraîner un modèle de séries temporelles (Prophet, LSTM) pour anticiper la demande hebdomadaire ou mensuelle.<br>• Coupler la prévision à un algorithme d’optimisation (linéaire ou heuristique) afin de définir les quantités à commander et les niveaux de stock minimum. | • Réduction des ruptures de stock et du sur‑stockage.<br>• Meilleure trésorerie grâce à des achats plus justes.<br>• Possibilité d’ajuster les campagnes marketing en fonction des prévisions. |
| 3️⃣ | **Analyse d’images pour le contrôle qualité agricole** | • Installer une station de capture d’images (smartphone ou caméra low‑cost) sur la ligne de tri des produits agricoles (cacao, café, fruits).<br>• Utiliser un modèle de vision par ordinateur (MobileNet, EfficientNet) entraîné à détecter les défauts (taches, mauvaise taille, présence de parasites).<br>• Fournir un tableau de bord en temps réel indiquant le taux de conformité et les lots à rejeter. | • Amélioration de la qualité du produit fini et conformité aux standards d’exportation.<br>• Diminution du gaspillage et des coûts de main‑d’œuvre manuelle.<br>• Valorisation du produit auprès des acheteurs grâce à des certificats de contrôle automatisé. |

### Points clés pour réussir le déploiement

1. **Commencer petit** – Choisissez un pilote (ex. le chatbot pour le service client) et mesurez les KPI avant d’étendre à d’autres processus.  
2. **Utiliser des solutions open‑source** – Les modèles mentionnés sont disponibles gratuitement et peuvent être hébergés sur un serveur local ou un cloud économique (ex. OVHcloud, Azure Afrique).  
3. **Former le personnel** – Organisez des ateliers de 1 à 2 jours pour que les équipes comprennent le fonctionnement du système et puissent l’alimenter en données de qualité.  
4. **Sécuriser les données** – Respectez la réglementation locale (loi sur la protection des données personnelles) et assurez le chiffrement des échanges, surtout pour le chatbot.  
5. **Mesurer le ROI** – Suivez les économies réalisées (temps, coûts de main‑d’œuvre, pertes) et les gains de satisfaction client pour justifier les investissements futurs.

Ces trois projets sont adaptables à différents secteurs (commerce, agro‑alimentaire, services) et offrent un bon compromis entre impact business et complexité technique pour une PME ivoirienne. Bon courage dans votre transformation digitale !"
